<?xml version='1.0' encoding='utf-8'?>
<!DOCTYPE hibernate-configuration PUBLIC
    "-//Hibernate/Hibernate Configuration DTD//EN"
    "http://www.hibernate.org/dtd/hibernate-configuration-3.0.dtd">
<hibernate-configuration>
  <session-factory>
    <property name="connection.url">jdbc:mysql://localhost:3306/oopl20211</property>
    <property name="connection.driver_class">com.mysql.cj.jdbc.Driver</property>
    <property name="connection.username">root</property>
    <property name="connection.password">qwerty</property>
    <mapping class="com.example.uas_1972046_JhonathanOktavianus.Entity.FeMember"/>
    <mapping class="com.example.uas_1972046_JhonathanOktavianus.Entity.FePoint"/>
    <mapping class="com.example.uas_1972046_JhonathanOktavianus.Entity.FeTransaction"/>

    <!-- DB schema will be updated if needed -->
    <!-- <property name="hibernate.hbm2ddl.auto">update</property> -->
  </session-factory>
</hibernate-configuration>